ZONE,CIRCLE,DIVISION,DIV_CODE_x,area,1ph_sm,1ph_tot,3ph_sm,3ph_tot,CONSUMPTION_CURR_MNTH,CURRENT_ASSESSMENT,HT_sm,HT_tot,billable,idf,mobile_no,mri_billing,mu_billed,neg_inf,ocr_billing,pos_inf,rdf,real,rem_luc,rem_np,slab_abv_10k,tagged,td_cnt,total,total_billed,turn_up,ce%,turn_up %
AMAUSI ZONE,EDC LUCKNOW RURAL,MALIHABAD,DIV302646,"malihabad tehsil,mirzaganj,galla mandi, gaunda mo\aujjam nagar, amdabad, katauli,chandpur,",243,3436,8,151,669306.84,6800355.75,1,3,2864,94,3098,1162,2480,5,0,9,0,3872596,56,56,850,3550,273,3668,2807,1366,56.9%,48.7%
AMAUSI ZONE,EDC LUCKNOW RURAL,NADAR GANJ,DIV302641,"gehroo, piparsand, banthara, jairajpuri , darogakheda, neewa, aurawa, rashulpur",2767,13308,13,350,4897369.2299999995,43699837.22,0,15,13657,193,13397,4969,11345,25,0,29,0,25279785.4,86,86,1939,13653,530,13658,13171,6779,57.8%,51.5%
AMAUSI ZONE,EUDC VRINDAVAN,EUDD_ALAMBAGH,DIV302671,"chota barha, asarfi",2167,4334,129,339,2303614.15,17270222.08,0,5,4673,9,4584,965,4366,37,0,6,0,13001418.86,1,1,171,4620,11,4673,4532,3833,75.3%,84.6%
AMAUSI ZONE,EUDC VRINDAVAN,EUDD_ALAMBAGH,DIV302671,"old sardari khera, koritana ,sujanpura, anand nagar ,bada barha",853,2694,35,343,1724124.25,14641015.46,0,3,3036,15,2955,878,2787,36,0,3,0,11351017,0,0,155,3023,88,3037,2950,2270,77.5%,76.9%
AMAUSI ZONE,EUDC VRINDAVAN,EUDD_ALAMBAGH,DIV302671,"pooran nagar, amrudibagh, sneh nagar metro",593,2062,35,394,1524674.06,13596756.86,0,7,2454,11,2436,882,2301,14,1,1,0,11516811,0,0,159,2446,2,2456,2430,1949,84.7%,80.2%
AMAUSI ZONE,EUDC VRINDAVAN,EUDD_VRINDAVAN,DIV302673,sarada nagar,3014,5904,95,1002,3102168.86,25887332.28,0,4,6906,22,6854,1672,6163,118,0,7,0,18481798.78,3,3,565,6885,2,6906,6541,4548,71.4%,69.5%
AMAUSI ZONE,EUDC VRINDAVAN,EUDD_VRINDAVAN,DIV302673,vrindavan yojna,232,3273,50,914,2363899.32,21984242.95,0,10,4186,47,4163,1646,3660,40,3,1,0,15969487.56,1,1,297,4182,1,4187,3923,3229,72.6%,82.3%
AYODHYA ZONE,EDC AKBARPUR,EDD ALAPUR,DIV324734,"bahuddinpur,dekwa, kajipur,semra nasirpur,vajdahiya piepur, tandwa",17,10192,0,55,1085755.81,7815810.1,0,0,10246,639,9228,1611,8453,10,0,0,0,3583962,1758,1758,3503,10200,909,10247,10208,2513,45.9%,24.6%
AYODHYA ZONE,EDC AKBARPUR,EDD JALALPUR,DIV324733,"rannu kha ka pura,vazidpur,usmapur nagpur, chilwaniya, jaffarpur",1062,5801,2,73,1302553.89,12425519.58,0,2,5874,9,5463,673,4780,4,0,1,0,5613765,361,361,1291,5870,42,5874,5643,2847,45.2%,50.5%
AYODHYA ZONE,EDC AKBARPUR,EDD-AMBEDKARNAGAR,DIV324731,"patoha ganepur,haripalpur,kalepur mahuval,tarakhurd,saidpur bhitri, jafarganj,nasirpur kaithi,sadarpur, saidapur, kakardila ,",295,8858,9,89,1426091.11,15966609.41,3,9,8816,192,8217,885,7071,14,0,7,0,3925474,2155,2155,3586,8829,711,8947,8691,1456,24.6%,16.8%
AYODHYA ZONE,EDC AKBARPUR,EDD_TANDA,DIV324732,"iltifatganj ,vidhut nagar,makhdumpur,kedar nagar",34,6120,1,83,877035.98,8074013.6,0,0,6202,69,5910,1708,5817,4,0,2,0,3168528.58,831,831,1817,6177,1329,6203,6144,1802,39.2%,29.3%
AYODHYA ZONE,EDC AKBARPUR,EDD_TANDA,DIV324732,"vidyut nagar, makhdoomnagar, khairpur",549,2367,0,48,607466.91,5363661.18,0,0,2415,23,2276,250,2120,5,0,18,0,2069931,202,202,945,2415,544,2415,2199,882,38.6%,40.1%
AYODHYA ZONE,EDC AYODHYA,EDD-AYODHYA DHAM AYODHYA,DIV324611,"devkali village, sidharath nagar, mirzapur,deen dayal nagar, dhani ram ka purva, sriswtipuram phase-2 , adard nagar, saketpuri, sahajahapur",10,3541,3,234,1793895.49,15230852.2,0,6,3775,26,3744,1299,3040,11,0,7,0,13049740.62,5,5,320,3775,0,3775,3676,2392,85.7%,65.1%
AYODHYA ZONE,EDC AYODHYA,EDD-AYODHYA DHAM AYODHYA,DIV324611,"ghusiyana, durgapuri, jogitara, tribhavan nagar, janeura, patel nagar, naka chugi, gandhi nagar, hanumat nagar, girijapuram, krishana nagar, gulab nagar, tilak nagar, brahman tola",1029,3360,8,222,1710874.1,17195973.92,0,13,3581,20,3452,873,2966,22,0,14,0,11241265,45,45,678,3413,9,3582,3473,1875,65.4%,54.0%
AYODHYA ZONE,EDC BARABANKI,EDD FATEHPUR,DIV324524,"bahamani thola , fayadpur , pachghara ,lohargali , mahaveer marga, sai abazar",472,1212,2,13,313475.78,685773.8300000001,0,0,1190,8,1193,64,997,3,0,39,0,841630,20,20,244,1224,77,1225,1160,356,122.7%,30.7%
AYODHYA ZONE,EDC BARABANKI,EDD FATEHPUR,DIV324524,"baina , gagauali , anwari, amarsanda , tikarhar , kallupurwa",22,5894,0,55,1165922.53,8178688.43,0,1,5603,145,5495,80,2324,4,0,1,0,2851948,733,733,2446,5949,883,5949,5457,875,34.9%,16.0%
AYODHYA ZONE,EDC BARABANKI,EDD FATEHPUR,DIV324524,"patel chauh\raha , kazipur 1/2/3 dyaram bhag , matamalim bhag",626,3742,10,74,928099.82,6674241.83,0,2,3500,84,3681,368,2658,13,0,44,0,3624824,137,137,943,3812,324,3816,3324,1308,54.3%,39.4%
AYODHYA ZONE,EDC BARABANKI,EDD HAIDERGARH,DIV324525,"foolmati, malviya nagar, paschim katra etc",465,1997,2,47,387986.75,3380240.2,0,2,2041,3,1914,190,1789,0,0,1,0,1841877,148,148,461,2026,368,2044,1982,745,54.5%,37.6%
AYODHYA ZONE,EDC BARABANKI,EDD HAIDERGARH,DIV324525,"kothi bazar, madarpur, chhatauni, ramdeenpurwa",1,2295,1,27,424798.36,2581780.59,0,0,2322,6,2156,80,1989,1,0,0,0,1463233,116,116,418,2322,214,2322,2273,931,56.7%,41.0%
AYODHYA ZONE,EDC BARABANKI,EDD HAIDERGARH,DIV324525,"patti ward, hasanpur, haveli ward,",151,2157,0,34,360749.29,2951326.11,0,1,2189,3,1963,160,2000,2,0,1,0,1287691,152,152,474,2148,371,2191,2157,761,43.6%,35.3%
AYODHYA ZONE,EDC BARABANKI,EDD-RAMNAGAR BARABANKI,DIV324523,"lakhraura, kadirabad, purani tehsil",593,3427,3,52,802904.54,5879717.5600000005,0,2,3479,119,3200,89,2574,7,0,17,0,3855417.7,255,255,905,3479,534,3479,3220,918,65.6%,28.5%
AYODHYA ZONE,EDC BARABANKI,EDD-RAMNAGAR BARABANKI,DIV324523,"surjanpur, amera, gulariya, bairagipur, fajehtapur",3,4380,0,15,367363,4550153.31,0,1,4395,70,4001,190,3897,2,0,0,0,910558.86,1774,1774,2674,4392,647,4395,4310,360,20.0%,8.4%
AYODHYA ZONE,EDC BARABANKI,EDD_RS_GHAT,DIV324521,dariyabad town,226,3756,3,42,657433.52,5775549.06,0,3,3798,2,3570,796,2969,2,0,0,0,3549430,154,154,556,3760,540,3798,3707,1793,61.5%,48.4%
AYODHYA ZONE,EDC BARABANKI,EDD_RS_GHAT,DIV324521,tikaitnagar town,747,1941,1,45,482033.95,4549731.97,0,3,1986,5,1939,101,1755,4,0,0,0,2532930.44,98,98,331,1986,270,1986,1945,631,55.7%,32.4%
AYODHYA ZONE,EDC BARABANKI,EDD_RS_GHAT,DIV324521,zaidpur-i_32452110001zpr,193,3464,2,44,737321.37,6778905.36,0,1,3412,11,3382,1214,3051,6,0,5,0,3596567,34,34,522,3508,2,3508,3386,1949,53.1%,57.6%
AYODHYA ZONE,EDC BARABANKI,EDD_RS_GHAT,DIV324521,zaidpur-ii_32452110001zdi,9,1562,2,17,323420.54,3111474.27,0,0,1579,9,1546,582,1309,2,0,3,0,1576477,100,100,402,1579,8,1579,1566,839,50.7%,53.6%
AYODHYA ZONE,EDC GAURIGANJ,EDD AMETHI,DIV324852,"ratapur, ghoraha lal shah bhadar masha parsoiya",152,3212,1,216,472977.27999999997,4927232.43,0,0,3176,29,3117,54,222,11,0,2,0,1024378,328,328,1360,3360,114,3428,3100,477,20.8%,15.4%
AYODHYA ZONE,EDC GAURIGANJ,EDD JAGDISHPUR,DIV324854,"mahona kasba, kisni, barsnda",140,750,0,5,85072.45,872421.03,0,0,746,69,709,2,513,0,0,1,0,75831,124,124,328,748,101,755,671,66,8.7%,9.8%
AYODHYA ZONE,EDC GAURIGANJ,EDD TILOEE,DIV324853,"gandhinagar,kashimpur, hatwa, lala ka purwa, kajipur, naya ka purwa, makdumnagar",123,1140,1,11,192254.63,1612706.52,0,0,1151,23,1101,224,931,0,0,0,0,820253,106,106,242,1151,166,1151,1124,430,50.9%,38.3%
AYODHYA ZONE,EDC GAURIGANJ,EDD TILOEE,DIV324853,nalapar,0,1,0,0,71,524.79,0,0,1,0,1,0,1,0,0,0,0,273,0,0,0,1,1,1,1,1,52.0%,100.0%
AYODHYA ZONE,EDC GAURIGANJ,EDD TILOEE,DIV324853,"satan ka purwa,semrauta,khekharuwa,,akabarpur farsi,kotwa mohamdabad,shivrataganj.",0,1,0,0,32,397.06,0,0,1,0,1,0,0,0,0,0,0,300,0,0,0,1,0,1,1,1,75.6%,100.0%
AYODHYA ZONE,EDC SULTANPUR,EDD JAISINGHPUR,DIV324845,"kurebhar bazar,guptargunj,purkhipur, dhanpatgunj,seur",1790,5944,4,117,1249268.78,-23548.62,0,7,6061,94,5335,159,4740,18,0,0,0,3713020,1269,1269,2610,5938,380,6061,5650,1070,-15767.5%,18.9%
AYODHYA ZONE,EDC SULTANPUR,EDD KADIPUR,DIV324844,"kadipur tehesil, kadipur town, midila, dostpur town, khalispur dingur, block chauraha, surapur markat, saraiya market",1859,8325,11,153,1799006.29,17149795.41,0,3,8478,222,7943,333,5938,12,0,73,0,5707957.99,1230,1230,3637,8149,935,8478,7781,1946,33.3%,25.0%
AYODHYA ZONE,EDC SULTANPUR,EDD KADIPUR,DIV324844,nalapar,28,34,0,0,11114.4,86482.97,0,0,34,0,34,0,20,0,0,0,0,6916,0,0,9,31,4,34,22,2,8.0%,9.1%
AYODHYA ZONE,EDC SULTANPUR,EDD LAMBUA,DIV324843,lambhua tehsil,106,1446,3,31,392915.32,3733462.6,0,1,1477,11,1427,118,1111,5,0,4,0,1639546,247,247,513,1451,131,1477,1353,458,43.9%,33.9%
AYODHYA ZONE,EDC SULTANPUR,EDD LAMBUA,DIV324843,nalapar,34,426,1,5,82622.3,856194.88,0,0,431,4,414,24,307,1,0,2,0,494007,63,63,146,426,46,431,392,136,57.7%,34.7%
AYODHYA ZONE,EDC SULTANPUR,EDD LAMBUA,DIV324843,"ramganj, raipur",220,1358,0,21,270536.11,2641884.21,0,1,1379,18,1338,24,1088,5,0,0,0,1034335.22,277,277,587,1371,129,1379,1344,359,39.2%,26.7%
AYODHYA ZONE,EDC SULTANPUR,EDD SULTANPUR,DIV324523,"vinobhapuri,panchopeeran,hathiya nala,gola ghat,mazar wali gali,bechu khan ka purwa,katwa,ramteerth nagar,nizampatti,wallipur,kasba,molnapur,gomti nagar",0,6,0,0,502,6701.17,0,0,6,1,6,0,2,0,0,0,0,0,1,1,3,6,0,6,5,0,0.0%,0.0%
AYODHYA ZONE,EDC SULTANPUR,EDD SULTANPUR,DIV324841,"vinobhapuri,panchopeeran,hathiya nala,gola ghat,mazar wali gali,bechu khan ka purwa,katwa,ramteerth nagar,nizampatti,wallipur,kasba,molnapur,gomti nagar",1388,9068,14,185,2737189.6,9233672.879999999,0,9,9251,518,8730,344,7846,28,0,57,0,12475531.09,2541,2541,4718,6211,861,9253,8996,1985,135.1%,22.1%
AYODHYA ZONE,EDC SULTANPUR,EDD SULTANPUR,DIV324845,"vinobhapuri,panchopeeran,hathiya nala,gola ghat,mazar wali gali,bechu khan ka purwa,katwa,ramteerth nagar,nizampatti,wallipur,kasba,molnapur,gomti nagar",0,1,0,0,604,3351.27,0,0,1,0,1,0,1,0,0,0,0,3406,0,0,0,0,0,1,1,1,101.6%,100.0%
AYODHYA ZONE,EDC SULTANPUR,EDD-BALDIRAI SULTANPUR,DIV324842,"atarsuma  kala,lohangi,tikarmod,sanjay nagar,,, harora bazar,kutta chauraha",6,1198,0,11,139559.93,1023085.65,0,0,1209,72,1183,59,1005,1,0,0,0,391435,204,204,415,1167,171,1209,1186,279,38.3%,23.5%
AYODHYA ZONE,EDC SULTANPUR,EDD-BALDIRAI SULTANPUR,DIV324842,"baldirai bazar, arwal bazar,aalmau,gaura,,,dehli bazar,baghauna bazar",56,1373,1,18,194995.9,1521938.02,0,0,1366,70,1353,39,1206,2,0,1,0,418354,251,251,601,1373,168,1391,1285,239,27.5%,18.6%
AYODHYA ZONE,EDC SULTANPUR,EDD-BALDIRAI SULTANPUR,DIV324842,"dautpur, aliganj,rawaniya, maniyari,sahabaganj, bhulai ka purva, islam ganj",118,5862,1,85,963997.1900000001,8615423.38,0,2,5899,187,5743,175,5081,6,0,3,0,1876646,1385,1385,2614,5819,1255,5947,5824,1284,21.8%,22.0%
BAREILLY I,EDC BAREILLY,EDD AONLA,DIV341924,nalapar,384,2577,4,38,490095.18,4584626.54,0,1,2609,38,2487,867,2105,3,202,6,0,2391140,88,88,470,2615,5,2615,2495,1017,52.2%,40.8%
BAREILLY I,EDC BAREILLY,EDD BAHERI,DIV341923,"noori nagar,noori nagar line par nai basti,mohalla shagarh,mohalla shekhupur,meena bazar,mohalla abbash nagar,mohammadpur,saqlan nagar",579,14679,9,240,3394750.99,31788544.75,0,5,14592,375,14284,5716,12950,11,803,84,0,18361543,307,307,3747,14792,14,14919,14119,5632,57.8%,39.9%
BAREILLY II,EDC BADAUN,EDD BADAUN,DIV381811,"forshori tola, sotha khel, bhandar kuan, zama masjid, jummi chowki,sotha, molvi tola, nagran",1373,2892,2,29,918333.76,7652897.48,0,0,2921,13,2834,271,2393,12,84,12,0,5603569.25,108,108,613,2921,159,2921,2851,1426,73.2%,50.0%
BAREILLY II,EDC BADAUN,EDD II BADAUN,DIV381812,bisauli town,414,5857,4,273,1477033.35,13860254.959999999,0,10,6130,26,5714,1870,4831,3,514,14,0,6639934.45,550,550,1636,6125,26,6130,5869,2129,47.9%,36.3%
BAREILLY II,EDC BADAUN,EDD-BISAULI BADAUN,DIV381813,bisauli town,1838,7833,10,176,2399656.63,20525270.79,0,13,8009,122,7179,448,6200,12,1978,22,0,9695587.17,1624,1624,4128,7971,1184,8009,7720,1633,47.2%,21.2%
BAREILLY II,EDC BADAUN,EDD-BISAULI BADAUN,DIV381813,islamnagar town,635,4784,2,109,905072.05,8537177.94,0,6,4893,38,4432,401,3641,8,1495,3,0,3908995,1246,1246,2363,4811,299,4893,4583,891,45.8%,19.4%
BAREILLY II,EDC PHILIBHIT,EDD PILIBHIT,DIV382041,"station road, madhuban colony, ballabh nagar, awash vikash, lal road, jp road, ekta nagar ashok colony , khudaganj, panjabian",7828,12177,52,214,3102883.79,26349798.07,0,1,12350,122,12255,1359,11634,41,1015,51,0,14812947.09,24,24,1048,12383,0,12391,12187,5579,56.2%,45.8%
BAREILLY II,EDC PHILIBHIT,EDD PURANPUR,DIV382042,"moh bamanpuri, linepar sahukara & moh chauk",1698,4876,0,66,849301.04,7843972.14,0,1,4942,70,4487,1182,4407,1,750,7,0,3822213,257,257,1147,4924,5,4942,4868,1814,48.7%,37.3%
BAREILLY II,EDC SHAJAHANPUR,EDD TILHAR,DIV382131,degree college,296,3686,3,55,851862.58,7223001.57,0,2,3741,105,3554,1682,3084,1,306,7,0,4811274,63,63,476,3740,26,3741,3515,1788,66.6%,50.9%
BAREILLY II,EDC SHAJAHANPUR,EDD TILHAR,DIV382131,"eid gah, islam nagar, 1st point",451,5974,3,113,1397385.03,10958925.27,0,4,6068,229,5624,769,5020,4,2129,44,0,6783169,1121,1121,2303,6085,672,6087,5828,1733,61.9%,29.7%
BAREILLY II,EDC SHAJAHANPUR,EDD TILHAR,DIV382131,khudaganj,150,2108,1,31,353167.64,3196083.36,0,4,2132,116,1993,122,1589,3,850,7,0,2177886,390,390,632,2112,326,2139,1977,504,68.1%,25.5%
BAREILLY II,EDC SHAJAHANPUR,EDD-SHAJAHANPUR,DIV382132,anta,1134,4383,16,85,1186213.28,10034259.01,0,2,4468,39,4083,1307,3913,11,745,15,0,6842133,32,32,662,4448,8,4468,4173,2181,68.2%,52.3%
BAREILLY II,EDC SHAJAHANPUR,EDD-SHAJAHANPUR,DIV382132,hayatpura,2529,7416,23,177,1951598.47,14820084.81,0,5,7261,184,7236,1928,6208,15,970,39,0,11151629.53,43,43,1250,7509,38,7593,6861,3218,75.2%,46.9%
BAREILLY II,EDC SHAJAHANPUR,EDD-SHAJAHANPUR,DIV382132,reti,1254,3255,5,56,694220.5,5951133.64,0,3,3171,82,3200,771,2858,9,619,8,0,3487335.53,18,18,472,3271,28,3311,3069,1311,58.6%,42.7%
DEVIPATAN ZONE,EDC BAHRAICH,EDD BAHRAICH,DIV354921,bashirganj,873,8840,13,275,2833684.71,24856164.41,0,5,9115,67,8978,3178,8235,18,2094,7,0,17250513,7,7,1008,9093,6,9115,8943,5218,69.4%,58.3%
DEVIPATAN ZONE,EDC GONDA,EDD- COLONELGANJ GONDA,DIV355213,colonelganj tahseel,1365,6341,2,84,1544636.79,12945602.85,0,5,6425,122,5270,213,3665,16,424,48,0,6137139,599,599,1843,6336,384,6425,6087,1724,47.4%,28.3%
DEVIPATAN ZONE,EDC GONDA,EDD- COLONELGANJ GONDA,DIV355213,katra ipds,816,1562,2,21,409311.6,4162477.83,0,0,1583,27,1471,32,1010,2,31,12,0,929529,140,140,432,1562,59,1583,1484,305,22.3%,20.6%
DEVIPATAN ZONE,EDC GONDA,EDD- COLONELGANJ GONDA,DIV355213,khargupur ipds,766,2272,0,32,420543.92,4165903.41,0,0,2304,61,1992,19,1038,1,129,21,0,1554501,355,355,1086,2285,234,2304,2116,400,37.3%,18.9%
DEVIPATAN ZONE,EDC GONDA,EDD-MANKAPUR GONDA,DIV355214,dhanaypur,20,74,0,0,7983.2,99137.95999999999,0,0,74,1,69,0,27,1,1,0,0,6473,31,31,47,74,0,74,70,8,6.5%,11.4%
GOMTI NAGAR ZONE,EUDC GOMTI NAGAR,EUDD_CHINHAT,DIV372626,vineet khand,58,344,38,275,426843.88,3664547.87,0,0,553,18,636,217,440,28,23,1,0,3979310,0,0,84,487,1,650,480,374,108.6%,77.9%
GOMTI NAGAR ZONE,EUDC GOMTI NAGAR,EUDD_CHINHAT,DIV372626,whole kashiram colony block 180,2063,2487,0,8,336900.32,2624062.18,0,0,2490,21,2442,168,2199,11,4,5,0,1411040,6,6,194,2494,1,2495,2378,1154,53.8%,48.5%
GOMTI NAGAR ZONE,EUDC GOMTI NAGAR,EUDD_GOMTINAGAR,DIV372622,gwari,398,903,5,38,382497.47,2999763.88,0,0,941,5,898,264,759,5,75,0,0,2559761,0,0,58,941,11,941,826,618,85.3%,74.8%
GOMTI NAGAR ZONE,EUDC GOMTI NAGAR,EUDD_GOMTINAGAR,DIV372622,jugauli,496,1045,3,30,459025.29,3729725.62,0,0,1075,3,1049,190,981,3,123,1,0,2593501,1,1,64,1073,4,1075,1037,725,69.5%,69.9%
GOMTI NAGAR ZONE,EUDC GOMTI NAGAR,EUDD_GOMTINAGAR,DIV372622,ujariyaon,33,998,3,40,509692.12,4184421.85,0,0,1038,7,992,297,976,4,251,0,0,3085281,0,0,84,1037,6,1038,1030,740,73.7%,71.8%
GOMTI NAGAR ZONE,EUDC INDIRA NAGAR,EUDD_INDIRA_NGR,DIV372691,"beniganj, bahadurpur village",504,1670,15,99,736386.18,5984102.76,0,2,1768,6,1737,470,1435,22,194,0,0,5149741.58,0,0,73,1766,20,1769,1653,1253,86.1%,75.8%
GOMTI NAGAR ZONE,EUDC INDIRA NAGAR,EUDD_INDIRA_NGR,DIV372691,luvkush nagar,950,1432,17,85,701901.12,5700829.34,0,3,1517,3,1493,254,1404,21,82,1,0,4447625.66,0,0,37,1512,26,1517,1475,1105,78.0%,74.9%
GOMTI NAGAR ZONE,EUDC INDIRA NAGAR,EUDD_MUNSIPULIA,DIV372692,amrai gaon,797,2405,14,73,745853.11,9488664.39,0,0,2478,6,2425,773,2116,15,177,1,0,5478507.19,1,1,76,2478,55,2478,2413,1865,57.7%,77.3%
GOMTI NAGAR ZONE,EUDC INDIRA NAGAR,EUDD_MUNSIPULIA,DIV372692,faridinagar gaon,741,1462,49,340,999752.28,6834052.36,0,2,1802,5,1790,453,1533,57,163,3,0,7895536.0600000005,0,0,68,1794,63,1802,1651,1329,115.5%,80.5%
GOMTI NAGAR ZONE,EUDC INDIRA NAGAR,EUDD_MUNSIPULIA,DIV372692,ishwaripuri,13,178,6,74,205319.81,1900872.68,0,2,252,0,245,96,215,6,33,0,0,2958746,0,0,15,252,0,252,231,206,155.7%,89.2%
GOMTI NAGAR ZONE,EUDC INDIRA NAGAR,EUDD_MUNSIPULIA,DIV372692,jarhara new,361,1178,8,40,391975.84,3270628.59,0,0,1218,4,1203,362,1022,8,129,0,0,2896343,2,2,46,1217,37,1218,1151,879,88.6%,76.4%
GOMTI NAGAR ZONE,EUDC INDIRA NAGAR,EUDD_MUNSIPULIA,DIV372692,takrohi gaon,432,1216,3,31,428803.5,3364231.43,0,0,1247,4,1224,300,1049,5,156,0,0,2851707,1,1,50,1247,56,1247,1193,893,84.8%,74.9%
JANKIPURAM ZONE,EUDC MAHANAGAR,EUDD_SITAPUR_RD,DIV362665,"aziz nagar,keshav nagar,anna market, kakauli, prabhat puram,preeti nagar,dudauli",1987,14096,4,380,5376492.53,44383740.49,0,6,14475,95,14104,5603,12805,57,1415,12,0,33000987.51,20,20,1386,14448,83,14476,13862,8782,74.4%,63.4%
JANKIPURAM ZONE,EUDC MAHANAGAR,EUDD_SITAPUR_RD,DIV362665,"bahamani thola , fayadpur , pachghara ,lohargali , mahaveer marga, sai abazar",0,1,0,0,616,4533.22,0,0,1,0,1,0,0,0,0,0,0,0,0,0,1,1,0,1,1,0,0.0%,0.0%
JANKIPURAM ZONE,EUDC MAHANAGAR,EUDD_UNIVERSITY,DIV362601,"lahaurganj, daliganj station,",0,2,0,0,16224,96723.31999999999,0,0,2,0,2,0,2,0,0,0,0,0,0,0,1,2,0,2,2,0,0.0%,0.0%
JANKIPURAM ZONE,EUDC MAHANAGAR,EUDD_UNIVERSITY,DIV362661,"lahaurganj, daliganj station,",470,1831,13,173,993029.71,6716742.91,0,2,2004,5,1977,458,1789,9,460,1,0,5254596,0,0,93,1994,13,2004,1828,1386,78.2%,75.8%
JANKIPURAM ZONE,EUDC PURANIA,EDD_BKT,DIV362603,"behta, paigramau, palka",1118,2076,10,77,805891.88,7203430.59,0,4,2153,14,2104,403,1933,2,160,6,0,6384765.95,5,5,91,2152,46,2153,2064,1579,88.6%,76.5%
JANKIPURAM ZONE,EUDC PURANIA,EDD_BKT,DIV362603,"bhakhamau,sadamau,seewa,dasauli,newazpur",988,2538,10,110,978643.77,8351519.88,0,3,2648,20,2613,818,2371,9,368,1,0,7371578,8,8,109,2648,44,2648,2538,1945,88.3%,76.6%
JANKIPURAM ZONE,EUDC PURANIA,EDD_BKT,DIV362603,"para, nutpurwa, rajauli, kjoje ka purwa, semra, bibiyapur, shri krishna purwa",582,1404,2,26,359550.77,3429252.14,0,3,1430,9,1395,342,1242,1,152,1,0,2687191,7,7,52,1430,27,1430,1362,908,78.4%,66.7%
JANKIPURAM ZONE,EUDC PURANIA,EDD_BKT,DIV362603,"rasoolpur, adhar kheda, chatanpurwa, basha, gadhi, ulrapur,aman city, woodland phase-2, depo, mishrpur part",819,2603,17,119,1046720.95,9415072.2,0,8,2722,25,2683,865,2339,7,469,5,0,7664348,8,8,104,2721,60,2722,2556,1915,81.4%,74.9%
JANKIPURAM ZONE,EUDC PURANIA,EUDD-JANKIPURAM LUCKNOW,DIV362602,khargapur jagir,373,626,10,61,286158.66,2293284.63,0,0,687,2,681,157,653,3,46,1,0,2099927,0,0,14,687,1,687,667,559,91.6%,83.8%
JANKIPURAM ZONE,EUDC PURANIA,EUDD-JANKIPURAM LUCKNOW,DIV362602,madiyaon,1306,2978,22,100,1090463.39,8862179.96,0,0,3077,9,3055,872,2872,15,257,1,0,7142640,0,0,72,3078,2,3078,3004,2237,80.6%,74.5%
JANKIPURAM ZONE,EUDC PURANIA,EUDD_DALIGANJ,DIV362601,"bhandu mohalla, valmiki mohalla, reti mohalla, methi khichdi, kadam rasool, jhabjali tola",862,2094,11,117,800406.92,7080869.12,1,4,2211,5,2177,537,2037,18,484,3,0,5487556.34,1,1,261,2211,52,2211,2130,1306,77.5%,61.3%
LKO CENTRAL,EUDC RAJ BHAWAN,EUDD_AMINABAD,DIV312615,"chikmandi , shahil school",535,1436,23,115,1621338.1900000002,24180201.349999998,0,3,1551,6,1535,614,1396,16,242,0,0,3721332,0,0,56,1550,13,1551,1427,1008,15.4%,70.6%
LKO CENTRAL,EUDC RAJ BHAWAN,EUDD_AMINABAD,DIV312615,"khatikana ,sbji mandi",359,983,4,58,365107.34,2955397.53,0,0,1041,4,1033,402,999,5,221,0,0,2387608,0,0,13,1041,17,1041,1019,748,80.8%,73.4%
LKO CENTRAL,EUDC RAJ BHAWAN,EUDD_AMINABAD,DIV312615,"rakabganj, maskaganj",373,2157,14,158,839558.86,6747670.41,0,0,2313,9,2304,1202,2171,12,560,0,0,5834660.15,0,0,60,2314,18,2315,2217,1700,86.5%,76.7%
LKO CENTRAL,EUDC RAJ BHAWAN,EUDD_RAJBHAWAN,DIV312614,narhi,91,350,18,72,490926.75,5336737.61,0,6,422,1,415,137,352,7,58,0,0,5081000.33,1,1,64,422,2,422,378,269,95.2%,71.2%
LKO CENTRAL,EUDC RAJ BHAWAN,EUDD_RAJBHAWAN,DIV312614,sadar bazar,254,1456,12,61,641857.7,5457527.18,2,2,1517,4,1497,616,1435,13,332,1,0,3663164.25,0,0,81,1517,2,1517,1472,1073,67.1%,72.9%
LKO CENTRAL,EUDC RAJ BHAWAN,EUDD_RAJBHAWAN,DIV312614,shree ram tower,10,234,10,115,308450.15,3245765.55,0,3,349,0,338,194,310,2,56,0,0,2388574,0,0,81,349,0,349,338,201,73.6%,59.5%
LKO CENTRAL,EUDC TALKATORA,EUDD_AISHBAGH,DIV312631,shastri nagar and khajua.,362,1234,11,102,618660.83,5299280.6,0,3,1336,1,1262,472,1187,12,182,0,0,4276023,0,0,76,1330,12,1336,1260,862,80.7%,68.4%
LKO CENTRAL,EUDC TALKATORA,EUDD_RAJAJIPURM,DIV312634,campwell,1398,2932,7,59,1231939.07,10597350.3,0,3,2989,19,2895,895,2807,10,399,0,0,7406719,0,0,107,2985,25,2991,2918,2389,69.9%,81.9%
LKO CENTRAL,EUDC TALKATORA,EUDD_RAJAJIPURM,DIV312634,haiderganj,1943,3726,1,55,1227383.15,10161933.1,0,1,3778,23,3594,1170,3581,16,406,0,0,8783594,0,0,75,3762,14,3781,3692,3085,86.4%,83.6%
LKO CENTRAL,EUDC TALKATORA,EUDD_UPTRON,DIV312635,noorbari,7516,10773,222,408,3786928.41,32833051.87,0,1,11181,21,11064,1790,10741,19,487,6,0,25650140.46,3,3,456,11178,8,11181,10956,9017,78.1%,82.3%
RAEBARELI,EDC II RAEBARELI,EDD SALON,DIV332751,"barwaliya,bijwaliya, ratanpur ,sanda saidan",0,1092,0,15,108637.12,1046588.61,0,0,1107,20,999,4,883,0,21,0,0,247381,168,168,379,1087,50,1107,1094,199,23.6%,18.2%
RAEBARELI,EDC II RAEBARELI,EDD SALON,DIV332751,"dela ,baghaula ,kachanawa 'pure budhai ,sunder ganj ,sadipur kotwa",396,1229,0,17,198940.12,1549714.92,0,1,1245,18,1161,25,682,3,11,0,0,461154,232,232,568,1204,230,1246,1164,205,29.8%,17.6%
RAEBARELI,EDC II RAEBARELI,EDD SALON,DIV332751,"ganeshganj, mohanganj, kithawan, dubahan",1,663,0,14,118291.8,1020260.96,0,1,677,18,652,11,482,0,8,0,0,192683,85,85,221,660,14,677,663,134,18.9%,20.2%
RAEBARELI,EDC II RAEBARELI,EDD SALON,DIV332751,"gudkhet, bilali masjid, naka ,patel nagar ,mahmood nagar,
    lala bajar",28,121,0,2,21610.63,129619.67,0,0,123,3,120,19,100,1,3,0,0,133350,4,4,16,119,3,123,119,51,102.9%,42.9%
RAEBARELI,EDC II RAEBARELI,EDD SALON,DIV332751,"parsadepur chauraha  ,saket nagar 'matiyar ,jilla bajar",42,220,0,4,43721.67,389682,0,0,224,2,217,7,143,0,3,0,0,185486,30,30,64,216,28,224,214,67,47.6%,31.3%
RAEBARELI,EDC RAEBARELI-I,EDD MAHARAJGANJ,DIV332733,"rudranagar,prakashnagar, randhawa road,chandapur raoad,bachharawa road,sukhai ka puerwa,chunnu ka purwa,ward no 5,wardno 6,wardno 7,warshi nagar",1438,2293,11,69,754768.1,6595118.36,0,4,2361,24,2312,282,1820,7,84,23,0,3186975,39,39,287,2349,105,2362,2213,791,48.3%,35.7%
RAEBARELI,EDC RAEBARELI-I,EDD RAEBARELI,DIV332731,"prakash nagar, rda complex chauraha, krantipuri, kutchehry road",573,1900,5,147,978834.53,8255469.18,0,4,2047,20,1917,337,1327,10,160,4,0,6869103,0,0,145,2041,1,2047,1717,1177,83.2%,68.5%
RAEBARELI,EDC RAEBARELI-I,EDD-TRIPULA RAEBARELI,DIV332732,"gangaganj,dighaura, harchandpur",1293,5287,0,54,1043528.03,8629460.35,0,8,5341,211,4888,231,2300,11,31,4,0,3542014,790,790,1822,5341,393,5341,5162,839,41.0%,16.3%
RAEBARELI,EDC RAEBARELI-I,EDD-TRIPULA RAEBARELI,DIV332732,"nakphulha,shahpur,mohammadpur,purwa pindaur",1057,2285,0,15,200501.45,1742170.42,0,0,2300,21,2185,40,583,2,14,0,0,584737,232,232,508,2300,227,2300,1783,363,33.6%,20.4%
RAEBARELI,EDC RAEBARELI-I,EDD-TRIPULA RAEBARELI,DIV332732,"thulwasa,lodhwamau,hardaspur,gauriganj,",185,3627,0,17,392298.94,3346486.17,0,0,3644,76,3440,126,2206,4,31,0,0,748806,312,312,1045,3644,615,3644,3542,482,22.4%,13.6%
RAEBARELI,EDC UNNAO,EDD III UNNAO PURWA,DIV332543,asgarganj,0,431,0,3,41408.2,234257.05000000002,0,0,434,2,372,16,254,0,16,0,0,130217,29,29,94,434,2,434,427,79,55.6%,18.5%
RAEBARELI,EDC UNNAO,EDD III UNNAO PURWA,DIV332543,mangat kheda,3,604,0,6,108833.95999999999,782805.28,0,1,610,3,574,93,547,1,108,0,0,505208,12,12,49,610,82,610,599,230,64.5%,38.4%
RAEBARELI,EDC UNNAO,EDD IV UNNAO BANGARMAU,DIV332544,fatehpur 84 kasba,37,2211,0,12,314698.5,2406897.01,0,0,2223,66,2081,221,1304,3,196,3,0,1199314,77,77,275,2202,8,2223,2153,678,49.8%,31.5%
RAEBARELI,EDC UNNAO,EDD IV UNNAO BANGARMAU,DIV332544,ganjmuradabad kasba,5,2935,6,26,484149.04,7486309.46,1,1,2961,19,2771,822,2289,1,579,2,0,2046539,101,101,204,2946,291,2961,2913,1341,27.3%,46.0%
RAEBARELI,EDC UNNAO,EDD IV UNNAO BANGARMAU,DIV332544,kursath kasba,1,701,0,3,59322.1,420801.22,0,0,704,6,674,7,500,0,16,0,0,234894,18,18,26,689,19,704,693,213,55.8%,30.7%
RAEBARELI,EDC UNNAO,EDD IV UNNAO BANGARMAU,DIV332544,ugu kasba,2,1073,0,0,94431,655644.72,0,0,1073,3,981,234,708,0,92,0,0,328647,9,9,72,1065,24,1073,1064,461,50.1%,43.3%
RAEBARELI,EDC UNNAO,EDD V UNNAO HASANGANJ,DIV332545,auras town,11,6781,2,101,926513.18,4726417.93,0,0,6880,172,6253,439,4229,14,368,2,0,1866452,1513,1513,2097,6783,848,6882,6673,1086,39.5%,16.3%
RAEBARELI,EDC UNNAO,EDD V UNNAO HASANGANJ,DIV332545,hasanganj tehseel,3,1602,8,47,528543.54,3776884.7399999998,0,0,1649,28,1574,397,1075,2,65,5,0,2056348,138,138,358,1640,52,1649,1596,595,54.4%,37.3%
RAEBARELI,EDC UNNAO,EDD V UNNAO HASANGANJ,DIV332545,mohan town,1331,3200,1,45,699526.63,5788593.17,0,1,3244,52,3170,760,2658,4,94,2,0,4079270,88,88,299,3216,95,3245,3128,1534,70.5%,49.0%
RAEBARELI,EDC UNNAO,EDD V UNNAO HASANGANJ,DIV332545,nawabganj town,488,2941,3,69,1082484.21,9919168.42,0,1,3010,29,2766,360,2166,6,72,4,0,7578697,151,151,410,3009,203,3010,2930,1055,76.4%,36.0%
RAEBARELI,EDC UNNAO,EDD-PDNAGAR UNNAO,DIV332541,puran nagar,2403,5163,2,54,1200184.42,9822617.31,0,0,5216,44,5118,665,4656,14,147,8,0,6860720,13,13,184,5217,1,5217,5140,2826,69.8%,55.0%
SITAPUR,EDC GOLA,EDD III PALIYA,DIV392273,"bheera nagar panchayat area,bank road,main road area",52,3533,7,59,435379.04,3983259.55,0,2,3507,15,3167,155,2627,13,869,3,0,1875146,552,552,1498,3592,491,3592,3442,500,47.1%,14.5%
SITAPUR,EDC GOLA,EDD III PALIYA,DIV392273,"station chauraha,mela maidan,mela gate,mahigran,ahiran",1607,4081,5,58,860429.36,7589822.82,0,0,4138,32,3859,325,3377,8,543,24,0,3387668,313,313,1275,4139,54,4139,4000,989,44.6%,24.7%
SITAPUR,EDC HARDOI,EDD HARDOI,DIV392412,atwa,113,336,0,6,162110.27,1440620.02,0,1,342,3,321,10,263,0,6,0,0,749399,95,95,155,295,75,342,325,21,52.0%,6.5%
SITAPUR,EDC HARDOI,EDD I HARDOI,DIV392411,"chachrapur, adampur, jajwashi, rasulpur, gyanpurwa, baghrayi",126,5470,0,145,558666.63,6189946.6,0,3,5615,60,4924,222,3476,9,597,3,0,1269624,1917,1917,2599,5585,465,5615,5517,661,20.5%,12.0%
SITAPUR,EDC HARDOI,EDD I HARDOI,DIV392411,"jarali kala, jarauli newada, parsola, rampur majhiyara, birni, jalalpur, alligarh",30,4875,0,61,375798.76,3670818.38,0,1,4936,15,4475,84,2033,9,66,2,0,1057671,1486,1486,2457,4935,1229,4936,4861,529,28.8%,10.9%
SITAPUR,EDC HARDOI,EDD I HARDOI,DIV392411,"selapur, piprawa, khwajgipur, sekhwapur purwi, bhithayi, kazipur, terwa",2,3307,0,38,297834.32,2714314.5100000002,0,4,3345,23,3158,358,2661,5,208,0,0,872703,571,571,886,3345,231,3345,3306,751,32.2%,22.7%
SITAPUR,EDC HARDOI,EDD SANDILA,DIV392414,"atrauli market,beniganj road,ganj market,newada chauraha,bharawan road",6,2016,0,26,250619.79,2165641.17,0,1,2042,25,1936,58,758,6,75,0,0,842268,659,659,926,2038,430,2042,1979,206,38.9%,10.4%
SITAPUR,EDC HARDOI,EDD SANDILA,DIV392414,"imam chauk,malkana,makum kua,chhota chauraha,mangal bazar,imaliyag chauraha,mandaai,atrauli road,garhi mandai,chaudhari hata,kisan tola",622,4344,0,16,855816.58,6460662.28,0,1,4360,41,4336,1963,3725,2,166,13,0,4225809,5,5,168,4350,4,4360,4171,2316,65.4%,55.5%
SITAPUR,EDC HARDOI,EDD SANDILA,DIV392414,"kothawan town,beniganj road,sandila road,atrauli road,malehra market",149,2875,0,30,422491.75,2876361.48,0,1,2901,31,2788,516,1645,7,155,6,0,1350690,494,494,709,2902,366,2905,2762,734,47.0%,26.6%
SITAPUR,EDC HARDOI,EDD SANDILA,DIV392414,"railwayganj, kukuhi,gaju tiraha,sumitra tiraha,kachhauna town,gol building,islam nagar,tilak nagar,station road balamau",5,3416,0,25,621134.39,3613093.35,0,1,3441,41,3223,748,2603,3,367,8,0,2253765,170,170,556,3441,191,3441,3365,1227,62.4%,36.5%
SITAPUR,EDC HARDOI,EDD SHAHABAD,DIV392413,"badi pihani/chhoti pihani,mishrana,kanjar chauraha,naagar,chhipitola",466,5437,0,29,825687.78,6212820.24,0,0,5466,28,5288,383,2485,14,110,9,0,2765022,730,730,1481,5449,495,5466,5196,1377,44.5%,26.5%
SITAPUR,EDC HARDOI,EDD SHAHABAD,DIV392413,"beniganj,sarai saif,sulah sarai,patiyaneem,imam chowk",78,5727,2,82,3371417.54,20589231.49,0,0,5809,49,5560,898,4175,10,515,16,0,2714851,994,994,1880,5716,699,5809,5744,1541,13.2%,26.8%
SITAPUR,EDC HARDOI,EDD SHAHABAD,DIV392413,"chowk,khera balaikot,khera ajmat,khera bibijai,akhtiyarpur,dilawarpur",1067,3454,1,29,579522.16,4355773.54,0,0,3483,17,3107,462,2485,8,77,3,0,2068710,91,91,465,3483,94,3483,3386,1153,47.5%,34.1%
SITAPUR,EDC LAKHIMPUR,EDD III LAKHIMPUR NIGHASAN,DIV392263,chakhara,12,1675,0,22,166799.31,1510703.32,0,2,1697,7,1616,17,1474,2,44,2,0,203747,92,92,578,1686,112,1697,1663,152,13.5%,9.1%
SITAPUR,EDC LAKHIMPUR,EDD III LAKHIMPUR NIGHASAN,DIV392263,dhaurahra,663,4134,3,38,847431.44,5083847.78,0,1,4172,245,3909,30,2454,7,220,15,0,1939850,270,270,1305,2080,1337,4172,3812,935,38.2%,24.5%
SITAPUR,EDC LAKHIMPUR,EDD III LAKHIMPUR NIGHASAN,DIV392263,nighasan,623,2469,2,66,889947.61,5966251.0200000005,0,0,2535,8,2276,60,1097,8,52,12,0,1906779,292,292,820,2514,364,2535,2406,428,32.0%,17.8%
SITAPUR,EDC LAKHIMPUR,EDD III LAKHIMPUR NIGHASAN,DIV392263,singahi,50,3177,1,25,541141.3,3140439.61,0,0,3202,12,2754,15,1790,9,338,11,0,927767,230,230,878,3120,601,3202,3077,612,29.5%,19.9%
SITAPUR,EDC LAKHIMPUR,EDD LAKHIMPURKHIRI,DIV392261,"krishna nagar, shastri nagar",41,195,0,1,44637.23,376801.88,0,0,196,0,196,35,175,1,49,2,0,196812,0,0,38,196,1,196,194,81,52.2%,41.8%
SITAPUR,EDC LAKHIMPUR,EDD-MITAULI LAKHIMPURKHIRI,DIV392262,"ambedkar murti area, badi bazar area, nai masjid, paschim mohalla, ram rakhan colony, anshari gali, mainahan road, uttar mohalla, purani masjid, badagaon tiraha, dhakaiyya , kachiyani purwa",20,941,0,4,167115.07,1261785.64,0,0,945,33,897,24,822,2,260,0,0,91718,205,205,497,937,163,945,933,55,7.3%,5.9%
SITAPUR,EDC LAKHIMPUR,EDD-MITAULI LAKHIMPURKHIRI,DIV392262,"badagaon,chafandi, balakram purwa",0,166,0,2,9310.4,140987.28,0,0,168,2,156,1,156,0,41,0,0,14413,40,40,140,168,20,168,167,3,10.2%,1.8%
SITAPUR,EDC LAKHIMPUR,EDD-MITAULI LAKHIMPURKHIRI,DIV392262,"bagiya mohalla, julahan tola, muraun tola,kabadiyan tola,sewala,ektanagar,thatheran tola, kotwali, mahaviri, bagiya, jagatiya, chamraudha, techers colony, shiwala gadhi",45,310,0,3,36404.69,410551.63,0,0,313,3,297,3,259,0,87,0,0,27218,84,84,227,312,81,313,295,8,6.6%,2.7%
SITAPUR,EDC LAKHIMPUR,EDD-MITAULI LAKHIMPURKHIRI,DIV392262,"bheraghasi, mahola baibha, nijampur nikati,ambersot, ambuwapur,bhanpur haruwa,gopalapur,tiyatilok, bajudiha,padri mohan",617,2251,1,17,205136.59,2080072.96,0,0,2267,18,2204,7,1855,0,650,3,0,166483,637,637,1442,2223,325,2268,2089,133,8.0%,6.4%
SITAPUR,EDC LAKHIMPUR,EDD-MITAULI LAKHIMPURKHIRI,DIV392262,"fardhan, rampur gokul, dhaurahra, ganeshpur",130,1498,1,19,142358.49,1547942.93,0,0,1515,24,1344,72,1028,2,745,0,0,207089,301,301,752,1480,158,1517,1463,106,13.4%,7.2%
SITAPUR,EDC LAKHIMPUR,EDD-MITAULI LAKHIMPURKHIRI,DIV392262,"sunderwal, saidipur ashogapur, belihan",74,1658,0,9,265453.71,2094412.34,0,1,1664,47,1506,51,1328,1,496,1,0,291314,308,308,941,1662,268,1667,1613,131,13.9%,8.1%
SITAPUR,EDC SITAPUR,EDD BISWAN,DIV392323,laharpur town,49,1682,0,32,346453.07,2985915.45,0,2,1690,52,1692,424,1310,0,238,0,0,2050943.06,16,16,78,1698,7,1714,1618,823,68.7%,50.9%
SITAPUR,EDC SITAPUR,EDD I SITAPUR,DIV392321,"krishna nagar, shastri nagar",897,1999,6,37,708554.78,6182582.82,0,6,2036,6,2000,324,1788,8,185,1,0,4757411,21,21,241,2029,61,2036,1983,849,76.9%,42.8%
SITAPUR,EDC SITAPUR,EDD I SITAPUR,DIV392321,maholi town,1394,4487,2,69,924584.2,7512000.93,0,0,4549,55,4361,323,2949,23,137,17,0,3109346,412,412,999,4521,287,4556,4449,1331,41.4%,29.9%
SITAPUR,EDC SITAPUR,EDD I SITAPUR,DIV392321,"ramlila maidan , manni chauraha",1291,3117,4,29,718864.56,4517149.82,0,0,3146,32,3019,424,2691,4,257,2,0,3370832,57,57,481,3137,8,3146,3047,1381,74.6%,45.3%
SITAPUR,EDC SITAPUR,EDD I SITAPUR,DIV392321,vikas nagar khoobpur,1529,3822,15,62,1056236.77,8543803.27,0,3,3884,29,3811,412,3340,12,363,0,0,5740514.53,37,37,452,3859,19,3884,3777,1728,67.2%,45.8%
SITAPUR,EDC SITAPUR,EDD MAHMUDABAD,DIV392324,"chandapur bazar, chandpur lodhuni, katra",2,1014,0,3,97471.51,691977.54,0,0,1017,6,931,13,456,0,19,0,0,211807,130,130,210,1005,81,1017,943,149,30.6%,15.8%
SITAPUR,EDC SITAPUR,EDD MAHMUDABAD,DIV392324,jahgirabad  town,2,2381,0,27,515254.83,3122194.69,0,4,2408,84,2263,58,998,1,156,0,0,2034173,390,390,800,2371,188,2408,2331,484,65.2%,20.8%
SITAPUR,EDC SITAPUR,EDD MAHMUDABAD,DIV392324,"motipur churaha, bibipur",759,3210,3,65,883963.12,7277773.69,0,5,3275,36,3233,256,2520,9,147,1,0,4549292,34,34,318,3182,13,3275,3161,1524,62.5%,48.2%
SITAPUR,EDC SITAPUR,EDD MAHMUDABAD,DIV392324,"paigamber, bhattha",733,2123,3,38,603478.48,4762892.66,0,2,2161,16,2132,148,1711,3,86,0,0,3130829,11,11,150,2109,23,2161,2087,934,65.7%,44.8%
SITAPUR,EDC SITAPUR,EDD MAHMUDABAD,DIV392324,reusa,3,2319,1,12,206287.02,1200425.18,0,0,2331,29,2120,18,1592,1,157,0,0,501518,580,580,941,2293,252,2331,2264,307,41.8%,13.6%
SITAPUR,EDC SITAPUR,EDD MAHMUDABAD,DIV392324,sevta,1,1686,0,11,151472.41,489858.20999999996,0,0,1697,11,1610,8,948,1,106,0,0,263975.51,414,414,548,1658,148,1697,1619,169,53.9%,10.4%
SITAPUR,EDC SITAPUR,EDD MAHMUDABAD,DIV392324,"sherapur, bargadiya, katra, purani bazar, paigamber pur",377,1004,0,24,510206.27,4361873.37,0,8,1028,5,1012,37,750,2,27,1,0,3141652,12,12,104,1012,17,1028,973,392,72.0%,40.3%
